1629.SubjectIBD502,1356239.0
1629.SubjectIBD517,1316104.0
1629.SubjectIBD017,1230765.0
1629.SubjectIBD276,901309.0
1629.SubjectIBD401,856973.0
1629.SubjectIBD544,831184.0
1629.SubjectIBD137,819990.0
1629.SubjectIBD027,788187.0
1629.SubjectIBD035,777938.0
1629.SubjectIBD144,745497.0
1629.SubjectIBD085,730262.0
1629.SubjectIBD235,707429.0
1629.SubjectIBD041,686426.0
1629.SubjectIBD444,683728.0
1629.SubjectIBD347,674098.0
1629.SubjectIBD130,666320.0
1629.SubjectIBD285,656467.0
1629.SubjectIBD400,650175.0
1629.SubjectIBD640,648839.0
1629.SubjectIBD267,639590.0
1629.SubjectIBD533,604116.0
1629.SubjectIBD241,603826.0
1629.SubjectIBD431,602805.0
1629.SubjectIBD153,602583.0
1629.SubjectIBD221,600087.0
1629.SubjectIBD110,589040.0
1629.SubjectIBD601,588879.0
1629.SubjectIBD691,587220.0
1629.SubjectIBD565,586350.0
1629.SubjectIBD406,586053.0
1629.SubjectIBD126,585118.0
1629.SubjectIBD095,572795.0
1629.SubjectIBD210,569086.0
1629.SubjectIBD411,567912.0
1629.SubjectIBD196,553926.0
1629.SubjectIBD452,541938.0
1629.SubjectIBD394,538668.0
1629.SubjectIBD492,528190.0
1629.SubjectIBD143,524436.0
1629.SubjectIBD182,524131.0
1629.SubjectIBD674,521640.0
1629.SubjectIBD280,519905.0
1629.SubjectIBD090,519153.0
1629.SubjectIBD523,518256.0
1629.SubjectIBD181,517149.0
1629.SubjectIBD087,512625.0
1629.SubjectIBD554,507058.0
1629.SubjectIBD131,503154.0
1629.SubjectIBD667,493212.0
1629.SubjectIBD265,485843.0
1629.SubjectIBD295,485021.0
1629.SubjectIBD364,483522.0
1629.SubjectIBD531,480811.0
1629.SubjectIBD231,480713.0
1629.SubjectIBD298,480673.0
1629.SubjectIBD481,472717.0
1629.SubjectIBD184,472013.0
1629.SubjectIBD724,471881.0
1629.SubjectIBD351,471794.0
1629.SubjectIBD192,470879.0
1629.SubjectIBD304,469855.0
1629.SubjectIBD413,468694.0
1629.SubjectIBD548,465582.0
1629.SubjectIBD211,465153.0
1629.SubjectIBD501,463303.0
1629.SubjectIBD412,455647.0
1629.SubjectIBD357,455203.0
1629.SubjectIBD178,450113.0
1629.SubjectIBD539,447930.0
1629.SubjectIBD162,442566.0
1629.SubjectIBD363,442173.0
1629.SubjectIBD004,437088.0
1629.SubjectIBD254,434900.0
1629.SubjectIBD054,434497.0
1629.SubjectIBD190,434362.0
1629.SubjectIBD664,433120.0
1629.SubjectIBD199,432380.0
1629.SubjectIBD474,431969.0
1629.SubjectIBD164,431674.0
1629.SubjectIBD367,426924.0
1629.SubjectIBD218,426214.0
1629.SubjectIBD464,417203.0
1629.SubjectIBD485,416869.0
1629.SubjectIBD183,415550.0
1629.SubjectIBD173,412148.0
1629.SubjectIBD010,410435.0
1629.SubjectIBD529,409809.0
1629.SubjectIBD600,409744.0
1629.SubjectIBD136,407035.0
1629.SubjectIBD303,406973.0
1629.SubjectIBD146,406221.0
1629.SubjectIBD281,400923.0
1629.SubjectIBD224,399178.0
1629.SubjectIBD168,398209.0
1629.SubjectIBD362,398090.0
1629.SubjectIBD093,397809.0
1629.SubjectIBD586,396989.0
1629.SubjectIBD507,394418.0
1629.SubjectIBD067,389288.0
1629.SubjectIBD118,386027.0
1629.SubjectIBD454,385669.0
1629.SubjectIBD142,382930.0
1629.SubjectIBD378,381240.0
1629.SubjectIBD148,380582.0
1629.SubjectIBD239,380035.0
1629.SubjectIBD253,378781.0
1629.SubjectIBD477,377921.0
1629.SubjectIBD191,376129.0
1629.SubjectIBD123,375539.0
1629.SubjectIBD071,375521.0
1629.SubjectIBD139,374321.0
1629.SubjectIBD558,374098.0
1629.SubjectIBD309,371850.0
1629.SubjectIBD160,370771.0
1629.SubjectIBD116,367369.0
1629.SubjectIBD427,366619.0
1629.SubjectIBD209,365437.0
1629.SubjectIBD228,361943.0
1629.SubjectIBD083,361646.0
1629.SubjectIBD715,361612.0
1629.SubjectIBD455,359934.0
1629.SubjectIBD129,359027.0
1629.SubjectIBD316,357846.0
1629.SubjectIBD274,355329.0
1629.SubjectIBD220,353408.0
1629.SubjectIBD296,352963.0
1629.SubjectIBD396,351813.0
1629.SubjectIBD251,351605.0
1629.SubjectIBD624,347821.0
1629.SubjectIBD571,346784.0
1629.SubjectIBD405,345740.0
1629.SubjectIBD266,345452.0
1629.SubjectIBD675,345276.0
1629.SubjectIBD088,344588.0
1629.SubjectIBD451,344360.0
1629.SubjectIBD147,341370.0
1629.SubjectIBD113,340224.0
1629.SubjectIBD355,339856.0
1629.SubjectIBD042,339659.0
1629.SubjectIBD219,339216.0
1629.SubjectIBD342,339161.0
1629.SubjectIBD646,335635.0
1629.SubjectIBD223,335438.0
1629.SubjectIBD350,335114.0
1629.SubjectIBD020,334928.0
1629.SubjectIBD372,333109.0
1629.SubjectIBD177,332924.0
1629.SubjectIBD307,332316.0
1629.SubjectIBD516,330835.0
1629.SubjectIBD395,330540.0
1629.SubjectIBD048,330047.0
1629.SubjectIBD314,329332.0
1629.SubjectIBD365,328577.0
1629.SubjectIBD468,326632.0
1629.SubjectIBD249,325935.0
1629.SubjectIBD447,324799.0
1629.SubjectIBD439,324780.0
1629.SubjectIBD159,324207.0
1629.SubjectIBD016,323086.0
1629.SubjectIBD009,322813.0
1629.SubjectIBD672,321517.0
1629.SubjectIBD551,320334.0
1629.SubjectIBD476,319961.0
1629.SubjectIBD343,319443.0
1629.SubjectIBD509,317887.0
1629.SubjectIBD428,316155.0
1629.SubjectIBD288,315561.0
1629.SubjectIBD279,314669.0
1629.SubjectIBD245,314078.0
1629.SubjectIBD330,313373.0
1629.SubjectIBD434,312941.0
1629.SubjectIBD234,312526.0
1629.SubjectIBD111,310336.0
1629.SubjectIBD404,309590.0
1629.SubjectIBD170,308689.0
1629.SubjectIBD208,307493.0
1629.SubjectIBD155,306272.0
1629.SubjectIBD420,305972.0
1629.SubjectIBD059,303472.0
1629.SubjectIBD099,301356.0
1629.SubjectIBD385,301076.0
1629.SubjectIBD169,300639.0
1629.SubjectIBD328,300632.0
1629.SubjectIBD292,299627.0
1629.SubjectIBD175,299234.0
1629.SubjectIBD547,298376.0
1629.SubjectIBD414,298303.0
1629.SubjectIBD114,296593.0
1629.SubjectIBD275,295123.0
1629.SubjectIBD105,294376.0
1629.SubjectIBD165,293490.0
1629.SubjectIBD515,292034.0
1629.SubjectIBD572,292022.0
1629.SubjectIBD226,291587.0
1629.SubjectIBD271,288751.0
1629.SubjectIBD391,288484.0
1629.SubjectIBD495,286239.0
1629.SubjectIBD356,283385.0
1629.SubjectIBD375,283109.0
1629.SubjectIBD107,282766.0
1629.SubjectIBD229,280693.0
1629.SubjectIBD197,280381.0
1629.SubjectIBD121,278762.0
1629.SubjectIBD259,278478.0
1629.SubjectIBD671,277680.0
1629.SubjectIBD287,276161.0
1629.SubjectIBD682,276088.0
1629.SubjectIBD446,275358.0
1629.SubjectIBD154,274727.0
1629.SubjectIBD240,274173.0
1629.SubjectIBD642,273792.0
1629.SubjectIBD261,272694.0
1629.SubjectIBD376,272663.0
1629.SubjectIBD462,272084.0
1629.SubjectIBD115,271121.0
1629.SubjectIBD269,268355.0
1629.SubjectIBD101,266930.0
1629.SubjectIBD488,264105.0
1629.SubjectIBD553,261553.0
1629.SubjectIBD308,259955.0
1629.SubjectIBD031,259905.0
1629.SubjectIBD077,259818.0
1629.SubjectIBD215,259593.0
1629.SubjectIBD012,257259.0
1629.SubjectIBD022,256671.0
1629.SubjectIBD011,256146.0
1629.SubjectIBD072,255703.0
1629.SubjectIBD344,254685.0
1629.SubjectIBD467,254246.0
1629.SubjectIBD440,253537.0
1629.SubjectIBD371,252816.0
1629.SubjectIBD484,252370.0
1629.SubjectIBD424,250375.0
1629.SubjectIBD341,248977.0
1629.SubjectIBD706,248962.0
1629.SubjectIBD331,247636.0
1629.SubjectIBD214,246763.0
1629.SubjectIBD511,246729.0
1629.SubjectIBD302,246332.0
1629.SubjectIBD066,245058.0
1629.SubjectIBD466,243935.0
1629.SubjectIBD469,243740.0
1629.SubjectIBD475,243422.0
1629.SubjectIBD003,242012.0
1629.SubjectIBD070,241781.0
1629.SubjectIBD352,241480.0
1629.SubjectIBD321,239620.0
1629.SubjectIBD064,239586.0
1629.SubjectIBD429,239470.0
1629.SubjectIBD094,238772.0
1629.SubjectIBD006,238337.0
1629.SubjectIBD473,238093.0
1629.SubjectIBD499,237895.0
1629.SubjectIBD358,236069.0
1629.SubjectIBD005,235496.0
1629.SubjectIBD026,233791.0
1629.SubjectIBD579,233748.0
1629.SubjectIBD076,232851.0
1629.SubjectIBD008,232254.0
1629.SubjectIBD463,231291.0
1629.SubjectIBD156,230929.0
1629.SubjectIBD418,229501.0
1629.SubjectIBD333,229347.0
1629.SubjectIBD312,228597.0
1629.SubjectIBD047,227822.0
1629.SubjectIBD483,227717.0
1629.SubjectIBD120,227543.0
1629.SubjectIBD163,226632.0
1629.SubjectIBD039,226065.0
1629.SubjectIBD179,225952.0
1629.SubjectIBD096,224898.0
1629.SubjectIBD456,224420.0
1629.SubjectIBD132,223162.0
1629.SubjectIBD212,223053.0
1629.SubjectIBD339,222494.0
1629.SubjectIBD720,221936.0
1629.SubjectIBD353,221837.0
1629.SubjectIBD399,221519.0
1629.SubjectIBD075,221424.0
1629.SubjectIBD527,221241.0
1629.SubjectIBD538,220087.0
1629.SubjectIBD151,219868.0
1629.SubjectIBD001,219631.0
1629.SubjectIBD627,219143.0
1629.SubjectIBD189,218804.0
1629.SubjectIBD379,216801.0
1629.SubjectIBD617,216790.0
1629.SubjectIBD666,215258.0
1629.SubjectIBD643,214775.0
1629.SubjectIBD421,213299.0
1629.SubjectIBD403,213179.0
1629.SubjectIBD500,213155.0
1629.SubjectIBD578,212700.0
1629.SubjectIBD410,212459.0
1629.SubjectIBD530,212414.0
1629.SubjectIBD256,212320.0
1629.SubjectIBD289,211755.0
1629.SubjectIBD448,211147.0
1629.SubjectIBD490,210541.0
1629.SubjectIBD415,209590.0
1629.SubjectIBD441,208947.0
1629.SubjectIBD202,208529.0
1629.SubjectIBD306,207454.0
1629.SubjectIBD028,207135.0
1629.SubjectIBD417,206817.0
1629.SubjectIBD036,206733.0
1629.SubjectIBD445,206154.0
1629.SubjectIBD416,204885.0
1629.SubjectIBD478,204645.0
1629.SubjectIBD325,204609.0
1629.SubjectIBD272,203869.0
1629.SubjectIBD045,203845.0
1629.SubjectIBD426,202654.0
1629.SubjectIBD074,201372.0
1629.SubjectIBD346,201275.0
1629.SubjectIBD297,200893.0
1629.SubjectIBD327,200823.0
1629.SubjectIBD494,200754.0
1629.SubjectIBD230,200753.0
1629.SubjectIBD465,200436.0
1629.SubjectIBD206,199816.0
1629.SubjectIBD055,199119.0
1629.SubjectIBD425,199102.0
1629.SubjectIBD213,198996.0
1629.SubjectIBD037,198853.0
1629.SubjectIBD092,197597.0
1629.SubjectIBD029,196478.0
1629.SubjectIBD449,195666.0
1629.SubjectIBD335,195455.0
1629.SubjectIBD679,195304.0
1629.SubjectIBD505,194927.0
1629.SubjectIBD122,194151.0
1629.SubjectIBD238,193678.0
1629.SubjectIBD300,193403.0
1629.SubjectIBD535,193010.0
1629.SubjectIBD188,192965.0
1629.SubjectIBD623,191673.0
1629.SubjectIBD580,191140.0
1629.SubjectIBD721,190816.0
1629.SubjectIBD409,190513.0
1629.SubjectIBD612,190424.0
1629.SubjectIBD301,190347.0
1629.SubjectIBD103,189086.0
1629.SubjectIBD186,188242.0
1629.SubjectIBD345,188107.0
1629.SubjectIBD057,186922.0
1629.SubjectIBD628,186805.0
1629.SubjectIBD106,186634.0
1629.SubjectIBD091,185959.0
1629.SubjectIBD270,184857.0
1629.SubjectIBD340,184676.0
1629.SubjectIBD615,184145.0
1629.SubjectIBD545,184046.0
1629.SubjectIBD112,183531.0
1629.SubjectIBD690,183243.0
1629.SubjectIBD063,182378.0
1629.SubjectIBD369,181751.0
1629.SubjectIBD222,181598.0
1629.SubjectIBD621,180340.0
1629.SubjectIBD323,179670.0
1629.SubjectIBD194,179223.0
1629.SubjectIBD493,178900.0
1629.SubjectIBD525,178825.0
1629.SubjectIBD338,178134.0
1629.SubjectIBD637,177996.0
1629.SubjectIBD354,177609.0
1629.SubjectIBD482,177532.0
1629.SubjectIBD082,177074.0
1629.SubjectIBD506,176499.0
1629.SubjectIBD217,175696.0
1629.SubjectIBD252,174883.0
1629.SubjectIBD326,174259.0
1629.SubjectIBD068,173506.0
1629.SubjectIBD524,173263.0
1629.SubjectIBD432,172886.0
1629.SubjectIBD453,171315.0
1629.SubjectIBD135,170627.0
1629.SubjectIBD133,170421.0
1629.SubjectIBD198,170390.0
1629.SubjectIBD392,170173.0
1629.SubjectIBD450,169990.0
1629.SubjectIBD283,169981.0
1629.SubjectIBD552,169361.0
1629.SubjectIBD124,168199.0
1629.SubjectIBD204,167379.0
1629.SubjectIBD522,167140.0
1629.SubjectIBD374,167089.0
1629.SubjectIBD046,165966.0
1629.SubjectIBD479,165858.0
1629.SubjectIBD299,165763.0
1629.SubjectIBD518,164718.0
1629.SubjectIBD496,164436.0
1629.SubjectIBD519,164214.0
1629.SubjectIBD236,163979.0
1629.SubjectIBD457,163801.0
1629.SubjectIBD359,163674.0
1629.SubjectIBD152,163270.0
1629.SubjectIBD534,163265.0
1629.SubjectIBD305,162241.0
1629.SubjectIBD248,162013.0
1629.SubjectIBD278,161730.0
1629.SubjectIBD370,161157.0
1629.SubjectIBD402,160974.0
1629.SubjectIBD696,160935.0
1629.SubjectIBD438,159768.0
1629.SubjectIBD172,159262.0
1629.SubjectIBD086,159253.0
1629.SubjectIBD081,158797.0
1629.SubjectIBD207,157285.0
1629.SubjectIBD430,156876.0
1629.SubjectIBD443,156574.0
1629.SubjectIBD127,156030.0
1629.SubjectIBD423,155954.0
1629.SubjectIBD098,155515.0
1629.SubjectIBD203,154998.0
1629.SubjectIBD315,154851.0
1629.SubjectIBD419,154283.0
1629.SubjectIBD528,153913.0
1629.SubjectIBD174,153264.0
1629.SubjectIBD360,153211.0
1629.SubjectIBD536,152997.0
1629.SubjectIBD157,152539.0
1629.SubjectIBD104,151946.0
1629.SubjectIBD471,151337.0
1629.SubjectIBD550,151312.0
1629.SubjectIBD062,150939.0
1629.SubjectIBD015,150507.0
1629.SubjectIBD243,150208.0
1629.SubjectIBD337,148579.0
1629.SubjectIBD180,148468.0
1629.SubjectIBD277,148285.0
1629.SubjectIBD061,148025.0
1629.SubjectIBD373,147252.0
1629.SubjectIBD080,146388.0
1629.SubjectIBD670,145883.0
1629.SubjectIBD386,145530.0
1629.SubjectIBD398,144555.0
1629.SubjectIBD503,144488.0
1629.SubjectIBD324,144160.0
1629.SubjectIBD176,143874.0
1629.SubjectIBD193,143787.0
1629.SubjectIBD422,143192.0
1629.SubjectIBD050,143154.0
1629.SubjectIBD293,141956.0
1629.SubjectIBD246,139737.0
1629.SubjectIBD510,139587.0
1629.SubjectIBD140,139479.0
1629.SubjectIBD232,139402.0
1629.SubjectIBD607,138997.0
1629.SubjectIBD025,138878.0
1629.SubjectIBD486,138543.0
1629.SubjectIBD573,138337.0
1629.SubjectIBD166,137911.0
1629.SubjectIBD695,137192.0
1629.SubjectIBD014,135794.0
1629.SubjectIBD669,135349.0
1629.SubjectIBD663,135019.0
1629.SubjectIBD491,134775.0
1629.SubjectIBD056,134326.0
1629.SubjectIBD282,133861.0
1629.SubjectIBD097,133529.0
1629.SubjectIBD549,133335.0
1629.SubjectIBD237,131255.0
1629.SubjectIBD195,131044.0
1629.SubjectIBD225,130937.0
1629.SubjectIBD161,130411.0
1629.SubjectIBD043,129845.0
1629.SubjectIBD318,129642.0
1629.SubjectIBD089,128915.0
1629.SubjectIBD060,128825.0
1629.SubjectIBD408,128683.0
1629.SubjectIBD141,127806.0
1629.SubjectIBD614,127427.0
1629.SubjectIBD532,126854.0
1629.SubjectIBD149,126783.0
1629.SubjectIBD244,126745.0
1629.SubjectIBD348,126670.0
1629.SubjectIBD526,126499.0
1629.SubjectIBD171,126152.0
1629.SubjectIBD019,126028.0
1629.SubjectIBD260,125680.0
1629.SubjectIBD336,125322.0
1629.SubjectIBD319,124781.0
1629.SubjectIBD065,124335.0
1629.SubjectIBD263,124087.0
1629.SubjectIBD678,124055.0
1629.SubjectIBD250,123887.0
1629.SubjectIBD007,122491.0
1629.SubjectIBD286,122417.0
1629.SubjectIBD461,122087.0
1629.SubjectIBD109,121559.0
1629.SubjectIBD030,121164.0
1629.SubjectIBD216,120370.0
1629.SubjectIBD521,120090.0
1629.SubjectIBD227,120008.0
1629.SubjectIBD329,119845.0
1629.SubjectIBD013,119680.0
1629.SubjectIBD630,118798.0
1629.SubjectIBD361,118127.0
1629.SubjectIBD540,117547.0
1629.SubjectIBD332,117348.0
1629.SubjectIBD201,116531.0
1629.SubjectIBD654,116504.0
1629.SubjectIBD018,115496.0
1629.SubjectIBD442,115384.0
1629.SubjectIBD626,114787.0
1629.SubjectIBD366,114728.0
1629.SubjectIBD472,114686.0
1629.SubjectIBD487,112756.0
1629.SubjectIBD264,112644.0
1629.SubjectIBD382,112394.0
1629.SubjectIBD023,112229.0
1629.SubjectIBD052,112215.0
1629.SubjectIBD508,111839.0
1629.SubjectIBD058,109919.0
1629.SubjectIBD504,109892.0
1629.SubjectIBD433,108886.0
1629.SubjectIBD291,107124.0
1629.SubjectIBD480,105311.0
1629.SubjectIBD377,104926.0
1629.SubjectIBD322,104551.0
1629.SubjectIBD390,103863.0
1629.SubjectIBD561,103582.0
1629.SubjectIBD368,102790.0
1629.SubjectIBD002,102338.0
1629.SubjectIBD320,101650.0
1629.SubjectIBD313,101647.0
1629.SubjectIBD513,101121.0
1629.SubjectIBD436,100945.0
1629.SubjectIBD489,100789.0
1629.SubjectIBD437,100705.0
1629.SubjectIBD185,100625.0
1629.SubjectIBD069,99774.0
1629.SubjectIBD038,99294.0
1629.SubjectIBD134,98584.0
1629.SubjectIBD290,98541.0
1629.SubjectIBD049,94389.0
1629.SubjectIBD383,94304.0
1629.SubjectIBD032,93578.0
1629.SubjectIBD273,90735.0
1629.SubjectIBD460,87231.0
1629.SubjectIBD255,87194.0
1629.SubjectIBD334,86943.0
1629.SubjectIBD108,86782.0
1629.SubjectIBD458,85197.0
1629.SubjectIBD073,85167.0
1629.SubjectIBD543,84856.0
1629.SubjectIBD284,84711.0
1629.SubjectIBD381,84080.0
1629.SubjectIBD569,83660.0
1629.SubjectIBD100,82483.0
1629.SubjectIBD200,82390.0
1629.SubjectIBD349,82267.0
1629.SubjectIBD084,81710.0
1629.SubjectIBD033,80740.0
1629.SubjectIBD138,80381.0
1629.SubjectIBD393,79927.0
1629.SubjectIBD387,79675.0
1629.SubjectIBD380,78504.0
1629.SubjectIBD051,78243.0
1629.SubjectIBD128,77357.0
1629.SubjectIBD242,77258.0
1629.SubjectIBD514,75949.0
1629.SubjectIBD024,75711.0
1629.SubjectIBD247,74373.0
1629.SubjectIBD407,73480.0
1629.SubjectIBD520,72571.0
1629.SubjectIBD311,72410.0
1629.SubjectIBD205,71869.0
1629.SubjectIBD079,69713.0
1629.SubjectIBD557,69592.0
1629.SubjectIBD708,69215.0
1629.SubjectIBD546,68982.0
1629.SubjectIBD257,68254.0
1629.SubjectIBD117,66899.0
1629.SubjectIBD397,66853.0
1629.SubjectIBD078,66569.0
1629.SubjectIBD459,66229.0
1629.SubjectIBD158,65440.0
1629.SubjectIBD542,65223.0
1629.SubjectIBD119,61947.0
1629.SubjectIBD034,61815.0
1629.SubjectIBD310,61761.0
1629.SubjectIBD512,61493.0
1629.SubjectIBD150,60310.0
1629.SubjectIBD167,59140.0
1629.SubjectIBD053,58906.0
1629.SubjectIBD389,58634.0
1629.SubjectIBD470,58405.0
1629.SubjectIBD388,56703.0
1629.SubjectIBD145,56249.0
1629.SubjectIBD435,53522.0
1629.SubjectIBD294,52209.0
1629.SubjectIBD317,51380.0
1629.SubjectIBD044,50103.0
1629.SubjectIBD125,48850.0
1629.SubjectIBD497,46167.0
1629.SubjectIBD102,45744.0
1629.SubjectIBD498,44717.0
1629.SubjectIBD602,43668.0
1629.SubjectIBD258,40652.0
1629.SubjectIBD268,37721.0
1629.SubjectIBD262,36185.0
1629.SubjectIBD021,35864.0
1629.SubjectIBD040,35576.0
1629.SubjectIBD555,32711.0
1629.SubjectIBD537,28123.0
1629.SubjectIBD541,27912.0
1629.SubjectIBD233,23045.0
1629.SubjectIBD384,21098.0
1629.SubjectIBD187,10422.0
1629.SubjectIBD644,3497.0
1629.SubjectIBD713,3366.0
1629.SubjectIBD599,2846.0
1629.SubjectIBD584,1935.0
1629.SubjectIBD657,1238.0
1629.SubjectIBD622,387.0
1629.SubjectIBD645,184.0
1629.SubjectIBD594,125.0
1629.SubjectIBD711,114.0
1629.SubjectIBD597,112.0
1629.SubjectIBD611,91.0
1629.SubjectIBD575,90.0
1629.SubjectIBD659,89.0
1629.SubjectIBD639,77.0
1629.SubjectIBD725,68.0
1629.SubjectIBD587,66.0
1629.SubjectIBD576,65.0
1629.SubjectIBD616,60.0
1629.SubjectIBD632,59.0
1629.SubjectIBD716,56.0
1629.SubjectIBD710,55.0
1629.SubjectIBD650,53.0
1629.SubjectIBD680,52.0
1629.SubjectIBD703,51.0
1629.SubjectIBD723,48.0
1629.SubjectIBD647,43.0
1629.SubjectIBD702,43.0
1629.SubjectIBD556,42.0
1629.SubjectIBD684,41.0
1629.SubjectIBD718,38.0
1629.SubjectIBD591,36.0
1629.SubjectIBD633,36.0
1629.SubjectIBD568,35.0
1629.SubjectIBD641,33.0
1629.SubjectIBD719,31.0
1629.SubjectIBD687,31.0
1629.SubjectIBD665,31.0
1629.SubjectIBD698,30.0
1629.SubjectIBD694,30.0
1629.SubjectIBD699,29.0
1629.SubjectIBD609,28.0
1629.SubjectIBD567,28.0
1629.SubjectIBD589,27.0
1629.SubjectIBD582,25.0
1629.SubjectIBD564,24.0
1629.SubjectIBD689,23.0
1629.SubjectIBD581,22.0
1629.SubjectIBD652,19.0
1629.SubjectIBD677,16.0
1629.SubjectIBD560,16.0
1629.SubjectIBD701,15.0
1629.SubjectIBD712,15.0
1629.SubjectIBD631,14.0
1629.SubjectIBD692,14.0
1629.SubjectIBD653,13.0
1629.SubjectIBD577,13.0
1629.SubjectIBD660,11.0
1629.SubjectIBD620,10.0
1629.SubjectIBD656,10.0
1629.SubjectIBD559,8.0
1629.SubjectIBD563,8.0
1629.SubjectIBD676,6.0
1629.SubjectIBD705,6.0
1629.SubjectIBD661,5.0
1629.SubjectIBD618,4.0
1629.SubjectIBD613,4.0
1629.SubjectIBD574,4.0
1629.SubjectIBD635,3.0
1629.SubjectIBD707,2.0
1629.SubjectIBD662,2.0
